model,RMSE,Mae,R2,Scores
Linear Regression,46939.23,21099.12,0.671,0.9003844861173272
Nearest neighbors regression,54423.78,32000.57,0.558,0.7913251264423782
SVR,53404.14,27773.89,0.575,0.7664240074985114
Ridge,46696.64,21058.13,0.675,0.899800478145595
Decision trees,45887.16,27897.09,0.686,0.9999961203171591
